#table Bicyclette
insert into Bicyclette value (101,'Kilimandjaro','Adulte',569,'VTT','2021-10-10','2026-10-10');
insert into Bicyclette value (102,'NorthPole','Adulte',329,'VTT','2019-09-02','2024-09-02');
insert into Bicyclette value (103,'MontBlanc','Jeune',399,'VTT','2019-06-03','2024-06-03');
insert into Bicyclette value (104,'Hooligan','Jeune',199,'VTT','2020-08-04','2025-08-04');
insert into Bicyclette value (105,'Orléans','Homme',229,'Vélo de course','2022-07-05','2027-07-05');
insert into Bicyclette value (106,'Orléans','Femme',229,'Vélo de course','2021-11-06','2026-11-06');
insert into Bicyclette value (107,'BlueJay','Homme',349,'Vélo de course','2018-12-07','2023-12-07');
insert into Bicyclette value (108,'BlueJay','Femme',349,'Vélo de course','2017-08-08','2022-08-08');
insert into Bicyclette value (109,'Trail Explorer','Fille',129,'Classique','2018-03-09','2023-03-09');
insert into Bicyclette value (110,'Trail Explorer','Garçon',129,'Classique','2019-04-10','2024-04-10');
insert into Bicyclette value (111,'Night Hawk','Jeune',189,'Classique','2020-09-11','2025-09-11');
insert into Bicyclette value (112,'Tierra Verde','Homme',199,'Classique','2021-01-12','2026-01-12');
insert into Bicyclette value (113,'Tierra Verde','Femme',199,'Classique','2019-01-13','2024-01-13');
insert into Bicyclette value (114,'Mud Zinger I','Jeune',279,'BMX','2018-02-14','2023-02-14');
insert into Bicyclette value (115,'Mud Zinger II','Adulte',359,'BMX','2019-10-15','2024-10-15');

#table Pièce
insert into Pièce value (10101,'C01','2019-01-01','2023-12-31',5,'Cadre',85);
insert into Pièce value (10102,'C02','2020-07-01','2025-06-30',1,'Cadre',97);
insert into Pièce value (10103,'C15','2020-01-01','2024-12-30',3,'Cadre',100);
insert into Pièce value (10104,'C25','2019-07-01','2024-06-29',4,'Cadre',89);
insert into Pièce value (10105,'C26','2019-01-01','2023-12-31',7,'Cadre',94);
insert into Pièce value (10106,'C32','2020-01-01','2024-12-30',2,'Cadre',100);
insert into Pièce value (10107,'C34','2020-01-01','2024-12-30',5,'Cadre',96);
insert into Pièce value (10108,'C43','2020-07-01','2025-06-30',1,'Cadre',98);
insert into Pièce value (10109,'C43f','2019-01-01','2023-12-31',3,'Cadre',88);
insert into Pièce value (10110,'C44f','2019-01-01','2023-12-31',4,'Cadre',90);
insert into Pièce value (10111,'C76','2020-01-01','2024-12-30',7,'Cadre',100);
insert into Pièce value (10112,'C87','2020-01-01','2024-12-30',2,'Cadre',93);
insert into Pièce value (10113,'C87f','2019-07-01','2024-06-29',5,'Cadre',92);
insert into Pièce value (10201,'G7','2020-07-01','2025-06-30',10,'Guidon',51);
insert into Pièce value (10202,'G9','2020-01-01','2024-12-30',15,'Guidon',49);
insert into Pièce value (10203,'G12','2020-01-01','2024-12-30',5,'Guidon',54);
insert into Pièce value (10301,'F3','2020-01-01','2024-12-30',15,'Freins',15);
insert into Pièce value (10302,'F9','2020-01-01','2024-12-30',30,'Freins',18);
insert into Pièce value (10401,'S02','2019-07-01','2024-06-29',10,'Selle',32);
insert into Pièce value (10402,'S03','2019-01-01','2023-12-31',15,'Selle',35);
insert into Pièce value (10403,'S34','2020-01-01','2024-12-30',5,'Selle',28);
insert into Pièce value (10404,'S35','2019-07-01','2024-06-29',2,'Selle',30);
insert into Pièce value (10405,'S36','2020-07-01','2025-06-30',1,'Selle',29);
insert into Pièce value (10406,'S37','2019-01-01','2023-12-31',20,'Selle',39);
insert into Pièce value (10407,'S87','2019-07-01','2024-06-29',7,'Selle',29);
insert into Pièce value (10408,'S88','2019-01-01','2023-12-31',8,'Selle',37);
insert into Pièce value (10501,'DV15','2020-01-01','2024-12-30',7,'Dérailleur Avant',67);
insert into Pièce value (10502,'DV17','2019-07-01','2024-06-29',3,'Dérailleur Avant',62);
insert into Pièce value (10503,'DV41','2020-01-01','2024-12-30',0,'Dérailleur Avant',65);
insert into Pièce value (10504,'DV57','2020-01-01','2024-12-30',1,'Dérailleur Avant',64);
insert into Pièce value (10505,'DV87','2020-01-01','2024-12-30',3,'Dérailleur Avant',66);
insert into Pièce value (10506,'DV132','2020-07-01','2025-06-30',8,'Dérailleur Avant',61);
insert into Pièce value (10507,'DV133','2019-01-01','2023-12-31',3,'Dérailleur Avant',69);
insert into Pièce value (10601,'DR23','2020-01-01','2024-12-30',3,'Dérailleur Arrière',55);
insert into Pièce value (10602,'DR52','2020-01-01','2024-12-30',7,'Dérailleur Arrière',54);
insert into Pièce value (10603,'DR56','2019-01-01','2023-12-31',9,'Dérailleur Arrière',57);
insert into Pièce value (10604,'DR76','2019-07-01','2024-06-29',5,'Dérailleur Arrière',58);
insert into Pièce value (10605,'DR86','2020-07-01','2025-06-30',3,'Dérailleur Arrière',52);
insert into Pièce value (10606,'DR87','2020-01-01','2024-12-30',7,'Dérailleur Arrière',53);
insert into Pièce value (10701,'R1','2019-07-01','2024-06-29',2,'Roue avant',33);
insert into Pièce value (10702,'R11','2020-01-01','2024-12-30',8,'Roue avant',37);
insert into Pièce value (10703,'R12','2020-01-01','2024-12-30',8,'Roue avant',34);
insert into Pièce value (10704,'R19','2019-07-01','2024-06-29',1,'Roue avant',36);
insert into Pièce value (10705,'R44','2019-01-01','2023-12-31',3,'Roue avant',32);
insert into Pièce value (10706,'R45','2020-01-01','2024-12-30',9,'Roue avant',39);
insert into Pièce value (10707,'R48','2020-01-01','2024-12-30',3,'Roue avant',38);
insert into Pièce value (10801,'R2','2020-01-01','2024-12-30',6,'Roue arrière',41);
insert into Pièce value (10802,'R12','2019-01-01','2023-12-31',0,'Roue arrière',47);
insert into Pièce value (10803,'R18','2019-07-01','2024-06-29',3,'Roue arrière',43);
insert into Pièce value (10804,'R32','2020-07-01','2025-06-30',6,'Roue arrière',42);
insert into Pièce value (10805,'R46','2020-01-01','2024-12-30',7,'Roue arrière',45);
insert into Pièce value (10806,'R47','2020-01-01','2024-12-30',2,'Roue arrière',49);
insert into Pièce value (10901,'R02','2020-01-01','2024-12-30',4,'Réflecteurs',10);
insert into Pièce value (10902,'R09','2020-01-01','2024-12-30',6,'Réflecteurs',11);
insert into Pièce value (10903,'R10','2019-07-01','2024-06-29',8,'Réflecteurs',12);
insert into Pièce value (20001,'P1','2020-07-01','2025-06-30',15,'Pédalier',48);
insert into Pièce value (20002,'P12','2020-01-01','2024-12-30',30,'Pédalier',47);
insert into Pièce value (20003,'P15','2019-07-01','2024-06-29',20,'Pédalier',50);
insert into Pièce value (20004,'P34','2019-01-01','2023-12-31',10,'Pédalier',45);
insert into Pièce value (20101,'O2','2020-01-01','2024-12-30',10,'Ordinateur',112);
insert into Pièce value (20102,'O4','2019-07-01','2024-06-29',15,'Ordinateur',115);
insert into Pièce value (20201,'S01','2020-07-01','2025-06-30',4,'Panier',28);
insert into Pièce value (20202,'S05','2020-01-01','2024-12-30',7,'Panier',25);
insert into Pièce value (20203,'S73','2019-07-01','2024-06-29',3,'Panier',31);
insert into Pièce value (20204,'S74','2020-01-01','2024-12-30',1,'Panier',27);

#table Fournisseur
insert into Fournisseur value (12345678901234,'Cyclable Paris','0123456789','12 Rue de la Paix 75003 Paris',1);
insert into Fournisseur value (12345678901235,'V hello','0122334455','109 Avenue du general De Gaulle 78000 Versailles',2);
insert into Fournisseur value (12345678901236, 'bi6cle','0609567626','101 Avenue Lénoard de Vinci 92400 Courbevoie',3);
insert into Fournisseur value (12345678901237,'VelHell','0666666666','666 Rue de Lenfer 59140 Dunkerque',4);

#table Entreprise
insert into Entreprise value('ffv@gmail.com','Fédération Française de Vélo','0146537239','SMITH','John','12 Avenue du jour de la victoire','Paris',75007,'IDF',0.1);
insert into Entreprise value('contact@vinciecovelo.fr','Vinci Eco Vélo','0112642963','VALJEAN','Jean','115 rue de la plage','Nice',06000,'PACA',0.05);
insert into Entreprise value('leovelo@gmail.com','LeoRoue','0175363818','PEUNEUT','Michel','156 Rue du General Roux','Versailles',78000,'IDF',0);

#table Particulier
insert into Particulier value ('paula.roid@gmail.com','ROID','Paula','14 rue de la Photo','Paris','75008','IDF','0687363825');
insert into Particulier value ('pierre.kiroul@namassepasmousse.com','KIROUL','Pierre','281 rue du Bois','Villepreux','78190','IDF','0747284683');
insert into Particulier value ('jacques.celert@vinciecovelo.fr', 'CELERT', 'Jacques','15 avenue du Mans',  'Le Mans', '72000', 'Pays de la Loire', '0687264625');

#table Commande
insert into Commande value ('1', '2020-10-10', '2020-10-30', '14 rue de la Photo, 75008 Paris', null,'paula.roid@gmail.com');
insert into Commande value ('2', '2021-12-10', '2021-12-30', '115 rue de la plage, 06000 Nice', 'contact@vinciecovelo.fr', null);
insert into Commande value ('3', '2021-12-16', '2021-12-24', '12 Avenue du jour de la victoire, 75007 Paris', 'ffv@gmail.com', null);
insert into Commande value ('4', '2022-01-02', '2022-01-15', '281 rue du Bois 78190 Villepreux', null, 'pierre.kiroul@namassepasmousse.com');
insert into Commande value ('5', '2022-02-11', '2022-02-18', '115 rue de la plage, 06000 Nice', 'contact@vinciecovelo.fr', null);
insert into Commande value ('6', '2022-03-19', '2022-04-01', '15 avenue du Mans, 72000 Le Mans', null, 'jacques.celert@vinciecovelo.fr');

#table Fidelio
insert into Fidelio values(1 , 'Fidelio',15, 1,5);
insert into Fidelio values(2 , 'Fidelio Or',25, 2,10);
insert into Fidelio values(3 , 'Fidelio Platine',60, 2,15);
insert into Fidelio values(4 , 'Fidelio Max',100, 3,20);

#table Assembler
insert into Assembler value (101,10106);
insert into Assembler value (101,10201);
insert into Assembler value (101,10301);
insert into Assembler value (101,10408);
insert into Assembler value (101,10507);
insert into Assembler value (101,10603);
insert into Assembler value (101,10706);
insert into Assembler value (101,10805);
insert into Assembler value (101,20002);
insert into Assembler value (101,20101);
insert into Assembler value (102,10107);
insert into Assembler value (102,10201);
insert into Assembler value (102,10301);
insert into Assembler value (102,10408);
insert into Assembler value (102,10502);
insert into Assembler value (102,10606);
insert into Assembler value (102,10707);
insert into Assembler value (102,10806);
insert into Assembler value (102,20002);
insert into Assembler value (103,10111);
insert into Assembler value (103,10201);
insert into Assembler value (103,10301);
insert into Assembler value (103,10408);
insert into Assembler value (103,10502);
insert into Assembler value (103,10606);
insert into Assembler value (103,10707);
insert into Assembler value (103,10806);
insert into Assembler value (103,20002);
insert into Assembler value (103,20101);
insert into Assembler value (104,10111);
insert into Assembler value (104,10201);
insert into Assembler value (104,10301);
insert into Assembler value (104,10408);
insert into Assembler value (104,10505);
insert into Assembler value (104,10605);
insert into Assembler value (104,10703);
insert into Assembler value (104,10804);
insert into Assembler value (104,20002);
insert into Assembler value (105,10108);
insert into Assembler value (105,10202);
insert into Assembler value (105,10302);
insert into Assembler value (105,10406);
insert into Assembler value (105,10504);
insert into Assembler value (105,10605);
insert into Assembler value (105,10704);
insert into Assembler value (105,10803);
insert into Assembler value (105,10901);
insert into Assembler value (105,20004);
insert into Assembler value (106,10110);
insert into Assembler value (106,10202);
insert into Assembler value (106,10302);
insert into Assembler value (106,10404);
insert into Assembler value (106,10504);
insert into Assembler value (106,10605);
insert into Assembler value (106,10704);
insert into Assembler value (106,10803);
insert into Assembler value (106,10901);
insert into Assembler value (106,20004);
insert into Assembler value (107,10108);
insert into Assembler value (107,10202);
insert into Assembler value (107,10302);
insert into Assembler value (107,10406);
insert into Assembler value (107,10504);
insert into Assembler value (107,10606);
insert into Assembler value (107,10704);
insert into Assembler value (107,10803);
insert into Assembler value (107,10901);
insert into Assembler value (107,20004);
insert into Assembler value (107,20102);
insert into Assembler value (108,10109);
insert into Assembler value (108,10202);
insert into Assembler value (108,10302);
insert into Assembler value (108,10404);
insert into Assembler value (108,10504);
insert into Assembler value (108,10606);
insert into Assembler value (108,10704);
insert into Assembler value (108,10803);
insert into Assembler value (108,10901);
insert into Assembler value (108,20004);
insert into Assembler value (108,20102);
insert into Assembler value (109,10101);
insert into Assembler value (109,10203);
insert into Assembler value (109,10401);
insert into Assembler value (109,10701);
insert into Assembler value (109,10801);
insert into Assembler value (109,10902);
insert into Assembler value (109,20001);
insert into Assembler value (109,20201);
insert into Assembler value (110,10102);
insert into Assembler value (110,10203);
insert into Assembler value (110,10402);
insert into Assembler value (110,10701);
insert into Assembler value (110,10801);
insert into Assembler value (110,10902);
insert into Assembler value (110,20001);
insert into Assembler value (110,20202);
insert into Assembler value (111,10103);
insert into Assembler value (111,10203);
insert into Assembler value (111,10302);
insert into Assembler value (111,10405);
insert into Assembler value (111,10501);
insert into Assembler value (111,10601);
insert into Assembler value (111,10702);
insert into Assembler value (111,10802);
insert into Assembler value (111,10903);
insert into Assembler value (111,20003);
insert into Assembler value (111,20204);
insert into Assembler value (112,10112);
insert into Assembler value (112,10203);
insert into Assembler value (112,10302);
insert into Assembler value (112,10405);
insert into Assembler value (112,10503);
insert into Assembler value (112,10604);
insert into Assembler value (112,10702);
insert into Assembler value (112,10802);
insert into Assembler value (112,10903);
insert into Assembler value (112,20003);
insert into Assembler value (112,20204);
insert into Assembler value (113,10113);
insert into Assembler value (113,10203);
insert into Assembler value (113,10302);
insert into Assembler value (113,10405);
insert into Assembler value (113,10503);
insert into Assembler value (113,10604);
insert into Assembler value (113,10702);
insert into Assembler value (113,10802);
insert into Assembler value (113,10903);
insert into Assembler value (113,20003);
insert into Assembler value (113,20203);
insert into Assembler value (114,10104);
insert into Assembler value (114,10201);
insert into Assembler value (114,10301);
insert into Assembler value (114,10407);
insert into Assembler value (114,10506);
insert into Assembler value (114,10602);
insert into Assembler value (114,10705);
insert into Assembler value (114,10806);
insert into Assembler value (114,20002);
insert into Assembler value (115,10105);
insert into Assembler value (115,10201);
insert into Assembler value (115,10301);
insert into Assembler value (115,10407);
insert into Assembler value (115,10506);
insert into Assembler value (115,10602);
insert into Assembler value (115,10705);
insert into Assembler value (115,10806);
insert into Assembler value (115,20002);

#table Fourni
insert into Fourni value (12345678901234,10101,1101,'Cyclable Paris',14,75);
insert into Fourni value (12345678901235,10102,1102,'V hello',10,87);
insert into Fourni value (12345678901236,10103,1103,'bi6cle',11,90);
insert into Fourni value (12345678901237,10104,1104,'VelHell',12,79);
insert into Fourni value (12345678901234,10105,1105,'Cyclable Paris',13,84);
insert into Fourni value (12345678901235,10105,1105,'V hello',9,90);
insert into Fourni value (12345678901235,10106,1106,'V hello',11,86);
insert into Fourni value (12345678901236,10107,1107,'bi6cle',10,88);
insert into Fourni value (12345678901236,10108,1108,'bi6cle',12,91);
insert into Fourni value (12345678901236,10109,1109,'bi6cle',13,78);
insert into Fourni value (12345678901237,10110,1110,'VelHell',14,80);
insert into Fourni value (12345678901234,10111,1111,'Cyclable Paris',10,90);
insert into Fourni value (12345678901237,10112,1112,'VelHell',9,83);
insert into Fourni value (12345678901234,10113,1113,'Cyclable Paris',10,82);
insert into Fourni value (12345678901236,10201,1201,'bi6cle',7,41);
insert into Fourni value (12345678901235,10202,1202,'V hello',8,39);
insert into Fourni value (12345678901236,10203,1203,'bi6cle',6,44);
insert into Fourni value (12345678901235,10301,1301,'V hello',5,5);
insert into Fourni value (12345678901237,10301,1301,'VelHell',6,7);
insert into Fourni value (12345678901237,10302,1302,'VelHell',4,8);
insert into Fourni value (12345678901236,10401,1401,'bi6cle',6,22);
insert into Fourni value (12345678901234,10402,1402,'Cyclable Paris',7,25);
insert into Fourni value (12345678901234,10403,1403,'Cyclable Paris',8,18);
insert into Fourni value (12345678901237,10404,1404,'VelHell',5,20);
insert into Fourni value (12345678901235,10405,1405,'V hello',6,19);
insert into Fourni value (12345678901237,10406,1406,'VelHell',7,29);
insert into Fourni value (12345678901234,10407,1407,'Cyclable Paris',8,19);
insert into Fourni value (12345678901235,10408,1408,'V hello',6,27);
insert into Fourni value (12345678901237,10501,1501,'VelHell',8,57);
insert into Fourni value (12345678901236,10501,1501,'bi6cle',7,55);
insert into Fourni value (12345678901236,10502,1502,'bi6cle',9,52);
insert into Fourni value (12345678901234,10503,1503,'Cyclable Paris',5,55);
insert into Fourni value (12345678901235,10504,1504,'V hello',6,54);
insert into Fourni value (12345678901236,10505,1505,'bi6cle',7,56);
insert into Fourni value (12345678901234,10506,1506,'Cyclable Paris',9,51);
insert into Fourni value (12345678901237,10507,1507,'VelHell',8,58);
insert into Fourni value (12345678901236,10601,1601,'bi6cle',10,45);
insert into Fourni value (12345678901237,10602,1602,'VelHell',11,44);
insert into Fourni value (12345678901237,10603,1603,'VelHell',12,47);
insert into Fourni value (12345678901234,10604,1604,'Cyclable Paris',13,48);
insert into Fourni value (12345678901234,10605,1605,'Cyclable Paris',14,42);
insert into Fourni value (12345678901236,10606,1606,'bi6cle',10,43);
insert into Fourni value (12345678901235,10606,1606,'V hello',12,40);
insert into Fourni value (12345678901235,10701,1701,'V hello',11,23);
insert into Fourni value (12345678901236,10702,1702,'bi6cle',13,27);
insert into Fourni value (12345678901234,10703,1703,'Cyclable Paris',14,24);
insert into Fourni value (12345678901235,10704,1704,'V hello',13,26);
insert into Fourni value (12345678901237,10705,1705,'VelHell',12,22);
insert into Fourni value (12345678901236,10706,1706,'bi6cle',11,29);
insert into Fourni value (12345678901236,10707,1707,'bi6cle',13,28);
insert into Fourni value (12345678901234,10801,1801,'Cyclable Paris',9,31);
insert into Fourni value (12345678901236,10802,1802,'bi6cle',8,37);
insert into Fourni value (12345678901235,10803,1803,'V hello',7,33);
insert into Fourni value (12345678901234,10804,1804,'Cyclable Paris',7,32);
insert into Fourni value (12345678901235,10805,1805,'V hello',9,35);
insert into Fourni value (12345678901236,10806,1806,'bi6cle',8,39);
insert into Fourni value (12345678901237,10901,1901,'VelHell',6,5);
insert into Fourni value (12345678901236,10902,1902,'bi6cle',7,6);
insert into Fourni value (12345678901235,10903,1903,'V hello',8,7);
insert into Fourni value (12345678901234,20001,2001,'Cyclable Paris',9,38);
insert into Fourni value (12345678901237,20001,2001,'VelHell',8,37);
insert into Fourni value (12345678901237,20002,2002,'VelHell',7,40);
insert into Fourni value (12345678901234,20003,2003,'Cyclable Paris',6,35);
insert into Fourni value (12345678901236,20004,2004,'bi6cle',9,37);
insert into Fourni value (12345678901235,20101,2101,'V hello',7,102);
insert into Fourni value (12345678901235,20102,2102,'V hello',8,105);
insert into Fourni value (12345678901236,20201,2201,'bi6cle',6,18);
insert into Fourni value (12345678901236,20202,2202,'bi6cle',7,15);
insert into Fourni value (12345678901234,20203,2203,'Cyclable Paris',6,21);
insert into Fourni value (12345678901234,20204,2204,'Cyclable Paris',7,17);

#table Contient_B
insert into contient_B value (105,'2',1);
insert into contient_B value (115,'6',2);
insert into contient_B value (111,'5',1);

#table Contient_P
insert into contient_P value (10202,'1',5);
insert into contient_P value (20001,'3',4);
insert into contient_P value (10803,'2',6);
insert into contient_P value (10505,'4',4);

#table Adhere
insert into Adhere value (3, 'paula.roid@gmail.com', '2021-09-17');
insert into Adhere value (4, 'pierre.kiroul@namassepasmousse.com', '2022-01-28');
insert into Adhere value (1, 'jacques.celert@vinciecovelo.fr', '2016-08-10');
