#table Bicyclette
insert into Bicyclette value (101,'Kilimandjaro','Adultes',569,'VTT','2021-10-10','2026-10-10');
insert into Bicyclette value (102,'NorthPole','Adultes',329,'VTT','2019-09-02','2024-09-02');
insert into Bicyclette value (103,'MontBlanc','Jeunes',399,'VTT','2019-06-03','2024-06-03');
insert into Bicyclette value (104,'Hooligan','Jeunes',199,'VTT','2020-08-04','2025-08-04');
insert into Bicyclette value (105,'Orléans','Hommes',229,'Vélo de course','2022-07-05','2027-07-05');
insert into Bicyclette value (106,'Orléans','Dames',229,'Vélo de course','2021-11-06','2026-11-06');
insert into Bicyclette value (107,'BlueJay','Hommes',349,'Vélo de course','2018-12-07','2023-12-07');
insert into Bicyclette value (108,'BlueJay','Dames',349,'Vélo de course','2017-08-08','2022-08-08');
insert into Bicyclette value (109,'Trail Explorer','Filles',129,'Classique','2018-03-09','2023-03-09');
insert into Bicyclette value (110,'Trail Explorer','Garçons',129,'Classique','2019-04-10','2024-04-10');
insert into Bicyclette value (111,'Night Hawk','Jeunes',189,'Classique','2020-09-11','2025-09-11');
insert into Bicyclette value (112,'Tierra Verde','Hommes',199,'Classique','2021-01-12','2026-01-12');
insert into Bicyclette value (113,'Tierra Verde','Dames',199,'Classique','2019-01-13','2024-01-13');
insert into Bicyclette value (114,'Mud Zinger I','Jeunes',279,'BMX','2018-02-14','2023-02-14');
insert into Bicyclette value (115,'Mud Zinger II','Adultes',359,'BMX','2019-10-15','2024-10-15');

#table Pièce
insert into piece value (10101,'C01','2019-01-01','2023-12-31',5,'Cadre',85);
insert into piece value (10102,'C02','2020-07-01','2025-06-30',1,'Cadre',97);
insert into piece value (10103,'C15','2020-01-01','2024-12-30',3,'Cadre',100);
insert into piece value (10104,'C25','2019-07-01','2024-06-29',4,'Cadre',89);
insert into piece value (10105,'C26','2019-01-01','2023-12-31',7,'Cadre',94);
insert into piece value (10106,'C32','2020-01-01','2024-12-30',2,'Cadre',100);
insert into piece value (10107,'C34','2020-01-01','2024-12-30',5,'Cadre',96);
insert into piece value (10108,'C43','2020-07-01','2025-06-30',1,'Cadre',98);
insert into piece value (10109,'C43f','2019-01-01','2023-12-31',3,'Cadre',88);
insert into piece value (10110,'C44f','2019-01-01','2023-12-31',4,'Cadre',90);
insert into piece value (10111,'C76','2020-01-01','2024-12-30',7,'Cadre',100);
insert into piece value (10112,'C87','2020-01-01','2024-12-30',2,'Cadre',93);
insert into piece value (10113,'C87f','2019-07-01','2024-06-29',5,'Cadre',92);
insert into piece value (10201,'G7','2020-07-01','2025-06-30',10,'Guidon',51);
insert into piece value (10202,'G9','2020-01-01','2024-12-30',15,'Guidon',49);
insert into piece value (10203,'G12','2020-01-01','2024-12-30',5,'Guidon',54);
insert into piece value (10301,'F3','2020-01-01','2024-12-30',15,'Freins',15);
insert into piece value (10302,'F9','2020-01-01','2024-12-30',30,'Freins',18);
insert into piece value (10401,'S02','2019-07-01','2024-06-29',10,'Selle',32);
insert into piece value (10402,'S03','2019-01-01','2023-12-31',15,'Selle',35);
insert into piece value (10403,'S34','2020-01-01','2024-12-30',5,'Selle',28);
insert into piece value (10404,'S35','2019-07-01','2024-06-29',2,'Selle',30);
insert into piece value (10405,'S36','2020-07-01','2025-06-30',1,'Selle',29);
insert into piece value (10406,'S37','2019-01-01','2023-12-31',20,'Selle',39);
insert into piece value (10407,'S87','2019-07-01','2024-06-29',7,'Selle',29);
insert into piece value (10408,'S88','2019-01-01','2023-12-31',8,'Selle',37);
insert into piece value (10501,'DV15','2020-01-01','2024-12-30',7,'Dérailleur Avant',67);
insert into piece value (10502,'DV17','2019-07-01','2024-06-29',3,'Dérailleur Avant',62);
insert into piece value (10503,'DV41','2020-01-01','2024-12-30',0,'Dérailleur Avant',65);
insert into piece value (10504,'DV57','2020-01-01','2024-12-30',1,'Dérailleur Avant',64);
insert into piece value (10505,'DV87','2020-01-01','2024-12-30',3,'Dérailleur Avant',66);
insert into piece value (10506,'DV132','2020-07-01','2025-06-30',8,'Dérailleur Avant',61);
insert into piece value (10507,'DV133','2019-01-01','2023-12-31',3,'Dérailleur Avant',69);
insert into piece value (10601,'DR23','2020-01-01','2024-12-30',3,'Dérailleur Arrière',55);
insert into piece value (10602,'DR52','2020-01-01','2024-12-30',7,'Dérailleur Arrière',54);
insert into piece value (10603,'DR56','2019-01-01','2023-12-31',9,'Dérailleur Arrière',57);
insert into piece value (10604,'DR76','2019-07-01','2024-06-29',5,'Dérailleur Arrière',58);
insert into piece value (10605,'DR86','2020-07-01','2025-06-30',3,'Dérailleur Arrière',52);
insert into piece value (10606,'DR87','2020-01-01','2024-12-30',7,'Dérailleur Arrière',53);
insert into piece value (10701,'R1','2019-07-01','2024-06-29',2,'Roue avant',33);
insert into piece value (10702,'R11','2020-01-01','2024-12-30',8,'Roue avant',37);
insert into piece value (10703,'R12','2020-01-01','2024-12-30',8,'Roue avant',34);
insert into piece value (10704,'R19','2019-07-01','2024-06-29',1,'Roue avant',36);
insert into piece value (10705,'R44','2019-01-01','2023-12-31',3,'Roue avant',32);
insert into piece value (10706,'R45','2020-01-01','2024-12-30',9,'Roue avant',39);
insert into piece value (10707,'R48','2020-01-01','2024-12-30',3,'Roue avant',38);
insert into piece value (10801,'R2','2020-01-01','2024-12-30',6,'Roue arrière',41);
insert into piece value (10802,'R12','2019-01-01','2023-12-31',0,'Roue arrière',47);
insert into piece value (10803,'R18','2019-07-01','2024-06-29',3,'Roue arrière',43);
insert into piece value (10804,'R32','2020-07-01','2025-06-30',6,'Roue arrière',42);
insert into piece value (10805,'R46','2020-01-01','2024-12-30',7,'Roue arrière',45);
insert into piece value (10806,'R47','2020-01-01','2024-12-30',2,'Roue arrière',49);
insert into piece value (10901,'R02','2020-01-01','2024-12-30',4,'Réflecteurs',10);
insert into piece value (10902,'R09','2020-01-01','2024-12-30',6,'Réflecteurs',11);
insert into piece value (10903,'R10','2019-07-01','2024-06-29',8,'Réflecteurs',12);
insert into piece value (20001,'P1','2020-07-01','2025-06-30',15,'Pédalier',48);
insert into piece value (20002,'P12','2020-01-01','2024-12-30',30,'Pédalier',47);
insert into piece value (20003,'P15','2019-07-01','2024-06-29',20,'Pédalier',50);
insert into piece value (20004,'P34','2019-01-01','2023-12-31',10,'Pédalier',45);
insert into piece value (20101,'O2','2020-01-01','2024-12-30',10,'Ordinateur',112);
insert into piece value (20102,'O4','2019-07-01','2024-06-29',15,'Ordinateur',115);
insert into piece value (20201,'S01','2020-07-01','2025-06-30',4,'Panier',28);
insert into piece value (20202,'S05','2020-01-01','2024-12-30',7,'Panier',25);
insert into piece value (20203,'S73','2019-07-01','2024-06-29',3,'Panier',31);
insert into piece value (20204,'S74','2020-01-01','2024-12-30',1,'Panier',27);

#table Fournisseur
insert into Fournisseur value (12345678901234,'Cyclable Paris','01 23 45 67 89','12 Rue de la Paix 75003 Paris',1);
insert into Fournisseur value (12345678901235,'V hello','01 22 33 44 55','109 Avenue du general De Gaulle 78000 Versailles',2);
insert into Fournisseur value (123456789012346, 'bi6cle','06 09 56 76 26','101 Avenue Lénoard de Vinci 92400 Courbevoie',3);
insert into Fournisseur value (12345678901237,'VelHell','06 66 66 66 66','666 Rue de Lenfer 59140 Dunkerque',4);

#table Entreprise
insert into Entreprise value('ffv@gmail.com','Fédération Française de Vélo','01 46 53 72 39','SMITH','John','12 Avenue du jour de la victoire','Paris',75007,'IDF',0.1);
insert into Entreprise value('contact@vinciecovelo.fr','Vinci Eco Vélo','01 12 64 29 63','VALJEAN','Jean','115 rue de la plage','Nice',06000,'PACA',0.05);
insert into Entreprise value('leovelo@gmail.com','LeoRoue','01 75 36 38 18','PEUNEUT','Michel','156 Rue du General Roux','Versailles',78000,'IDF',0);

#table Particulier
insert into Particulier value ('paula.roid@gmail.com','ROID','Paula','06 87 36 38 25','14 rue de la Photo','Paris','75008','IDF');
insert into Particulier value ('pierre.kiroul@namassepasmousse.com','KIROUL','Pierre','07 47 28 46 83','281 rue du Bois','Villepreux','78190','IDF');
insert into Particulier value ('jacques.celert@vinciecovelo.fr', 'CELERT', 'Jacques', '06 87 26 46 25', '15 avenue du Mans', 'Le Mans', '72000', 'Pays de la Loire');

#table Commande
insert into Commande value ('1', '2020-10-10', '2020-10-30', '14 rue de la Photo, 75008 Paris', null,' paula.roid@gmail.com');
insert into Commande value ('2', '2021-12-10', '2021-12-30', '115 rue de la plage, 06000 Nice', 'contact@vinciecovelo.fr', null);
insert into Commande value ('3', '2021-12-16', '2021-12-24', '12 Avenue du jour de la victoire, 75007 Paris', 'ffv@gmail.com', null);
insert into Commande value ('4', '2022-01-02', '2022-01-15', '281 rue du Bois 78190 Villepreux', null, 'pierre.kiroul@namassepasmousse.com');
insert into Commande value ('5', '2022-02-11', '2022-02-18', '115 rue de la plage, 06000 Nice', 'contact@vinciecovelo.fr', null);
insert into Commande value ('6', '2022-03-19', '2022-04-01', '15 avenue du Mans, 72000 Le Mans', null, 'jacques.celert@vinciecovelo.fr');

#table Fidelio
insert into Fidelio values(1 , 'Fidelio',15, 1,0.05);
insert into Fidelio values(2 , 'Fidelio Or',25, 2,0.08);
insert into Fidelio values(3 , 'Fidelio Platine',60, 2,0.1);
insert into Fidelio values(4 , 'Fidelio Max',100, 3,0.12);

#table Assembler
insert into Assembler value (101,10106);
insert into Assembler value (101,10201);
insert into Assembler value (101,10301);
insert into Assembler value (101,10408);
insert into Assembler value (101,10507);
insert into Assembler value (101,10603);
insert into Assembler value (101,10706);
insert into Assembler value (101,10805);
insert into Assembler value (101,20002);
insert into Assembler value (101,20101);
insert into Assembler value (102,10107);
insert into Assembler value (102,10201);
insert into Assembler value (102,10301);
insert into Assembler value (102,10408);
insert into Assembler value (102,10502);
insert into Assembler value (102,10606);
insert into Assembler value (102,10707);
insert into Assembler value (102,10806);
insert into Assembler value (102,20002);
insert into Assembler value (103,10111);
insert into Assembler value (103,10201);
insert into Assembler value (103,10301);
insert into Assembler value (103,10408);
insert into Assembler value (103,10502);
insert into Assembler value (103,10606);
insert into Assembler value (103,10707);
insert into Assembler value (103,10806);
insert into Assembler value (103,20002);
insert into Assembler value (103,20101);
insert into Assembler value (104,10111);
insert into Assembler value (104,10201);
insert into Assembler value (104,10301);
insert into Assembler value (104,10408);
insert into Assembler value (104,10505);
insert into Assembler value (104,10605);
insert into Assembler value (104,10703);
insert into Assembler value (104,10804);
insert into Assembler value (104,20002);
insert into Assembler value (105,10108);
insert into Assembler value (105,10202);
insert into Assembler value (105,10302);
insert into Assembler value (105,10406);
insert into Assembler value (105,10504);
insert into Assembler value (105,10605);
insert into Assembler value (105,10704);
insert into Assembler value (105,10803);
insert into Assembler value (105,10901);
insert into Assembler value (105,20004);
insert into Assembler value (106,10110);
insert into Assembler value (106,10202);
insert into Assembler value (106,10302);
insert into Assembler value (106,10404);
insert into Assembler value (106,10504);
insert into Assembler value (106,10605);
insert into Assembler value (106,10704);
insert into Assembler value (106,10803);
insert into Assembler value (106,10901);
insert into Assembler value (106,20004);
insert into Assembler value (107,10108);
insert into Assembler value (107,10202);
insert into Assembler value (107,10302);
insert into Assembler value (107,10406);
insert into Assembler value (107,10504);
insert into Assembler value (107,10606);
insert into Assembler value (107,10704);
insert into Assembler value (107,10803);
insert into Assembler value (107,10901);
insert into Assembler value (107,20004);
insert into Assembler value (107,20102);
insert into Assembler value (108,10109);
insert into Assembler value (108,10202);
insert into Assembler value (108,10302);
insert into Assembler value (108,10404);
insert into Assembler value (108,10504);
insert into Assembler value (108,10606);
insert into Assembler value (108,10704);
insert into Assembler value (108,10803);
insert into Assembler value (108,10901);
insert into Assembler value (108,20004);
insert into Assembler value (108,20102);
insert into Assembler value (109,10101);
insert into Assembler value (109,10203);
insert into Assembler value (109,10401);
insert into Assembler value (109,10701);
insert into Assembler value (109,10801);
insert into Assembler value (109,10902);
insert into Assembler value (109,20001);
insert into Assembler value (109,20201);
insert into Assembler value (110,10102);
insert into Assembler value (110,10203);
insert into Assembler value (110,10402);
insert into Assembler value (110,10701);
insert into Assembler value (110,10801);
insert into Assembler value (110,10902);
insert into Assembler value (110,20001);
insert into Assembler value (110,20202);
insert into Assembler value (111,10103);
insert into Assembler value (111,10203);
insert into Assembler value (111,10302);
insert into Assembler value (111,10405);
insert into Assembler value (111,10501);
insert into Assembler value (111,10601);
insert into Assembler value (111,10702);
insert into Assembler value (111,10802);
insert into Assembler value (111,10903);
insert into Assembler value (111,20003);
insert into Assembler value (111,20204);
insert into Assembler value (112,10112);
insert into Assembler value (112,10203);
insert into Assembler value (112,10302);
insert into Assembler value (112,10405);
insert into Assembler value (112,10503);
insert into Assembler value (112,10604);
insert into Assembler value (112,10702);
insert into Assembler value (112,10802);
insert into Assembler value (112,10903);
insert into Assembler value (112,20003);
insert into Assembler value (112,20204);
insert into Assembler value (113,10113);
insert into Assembler value (113,10203);
insert into Assembler value (113,10302);
insert into Assembler value (113,10405);
insert into Assembler value (113,10503);
insert into Assembler value (113,10604);
insert into Assembler value (113,10702);
insert into Assembler value (113,10802);
insert into Assembler value (113,10903);
insert into Assembler value (113,20003);
insert into Assembler value (113,20203);
insert into Assembler value (114,10104);
insert into Assembler value (114,10201);
insert into Assembler value (114,10301);
insert into Assembler value (114,10407);
insert into Assembler value (114,10506);
insert into Assembler value (114,10602);
insert into Assembler value (114,10705);
insert into Assembler value (114,10806);
insert into Assembler value (114,20002);
insert into Assembler value (115,10105);
insert into Assembler value (115,10201);
insert into Assembler value (115,10301);
insert into Assembler value (115,10407);
insert into Assembler value (115,10506);
insert into Assembler value (115,10602);
insert into Assembler value (115,10705);
insert into Assembler value (115,10806);
insert into Assembler value (115,20002);

#table Fourni

#table Contient_B
insert into contient_B value (105,2,1);
insert into contient_B value (115,6,2);
insert into contient_B value (111,5,1);

#table Contient_P
insert into contient_P value (10202,1,5);
insert into contient_P value (20001,3,4);
insert into contient_P value (10803,2,6);
insert into contient_P value (10505,4,4);

#table Adhere
insert into Adhere value (3, 'paula.roid@gmail.com', '2021-09-17');
insert into Adhere value (4, 'pierre.kiroul@namassepasmousse.com', '2022-01-28');
insert into Adhere value (1, 'jacques.celert@vinciecovelo.fr', '2016-08-10');